year,population,children_per_woman
1850,1201374200,6.034365934568749
1858,1228381900,6.01266316163056
1866,1260733300,6.005852844212145
1874,1310951000,5.984377358933296
1882,1381699900,5.938315585238372
1890,1462311800,5.864624931805783
1898,1556011100,5.8110896673295445
1906,1660543600,5.758997808985798
1914,1784760000,5.646982020191354
1922,1898489200,5.544098991605512
1930,2035274600,5.397909080243329
1938,2208179800,5.273302650335252
1946,2378203100,5.369986111844382
1954,2709159200,5.459692334090069
1962,3129587100,5.485541790589491
1970,3676810900,5.084974485096997
1978,4276229400,4.592860426235855
1986,4930056400,4.159375531621585
1994,5634797100,3.632366201479448
2002,6266244000,3.1704433034745323
2010,6918407100,2.9370735529627088
2018,7593608200,2.6905846224240184
