year,region,population,children_per_woman
1850,Africa,88638900,6.398653846153847
1850,Americas,57522700,6.040322580645161
1850,Asia,780298000,6.402340425531915
1850,Europe,272846700,5.213846153846154
1850,Oceania,2067900,6.116666666666666
1858,Africa,92978400,6.398653846153847
1858,Americas,67654800,6.009677419354839
1858,Asia,776855600,6.403617021276596
1858,Europe,288340600,5.063589743589743
1858,Oceania,2552500,6.187777777777778
1866,Africa,97851700,6.398653846153847
1866,Americas,78711700,5.973870967741935
1866,Asia,775625400,6.392978723404256
1866,Europe,305446800,5.048205128205128
1866,Oceania,3097700,6.215555555555556
1874,Africa,103114300,6.398461538461539
1874,Americas,91162900,5.961290322580646
1874,Asia,788466700,6.370425531914894
1874,Europe,324553100,5.062820512820513
1874,Oceania,3654000,6.128888888888889
1882,Africa,108995400,6.3967307692307696
1882,Americas,105819400,5.938709677419355
1882,Asia,816536000,6.353829787234043
1882,Europe,345988700,4.9489743589743584
1882,Oceania,4360400,6.053333333333334
1890,Africa,115524800,6.392115384615384
1890,Americas,123048700,5.83
1890,Asia,849748700,6.353829787234043
1890,Europe,368759500,4.803846153846154
1890,Oceania,5230100,5.943333333333333
1898,Africa,122524900,6.396346153846154
1898,Americas,142172500,5.737741935483872
1898,Asia,891489000,6.361702127659575
1898,Europe,393892000,4.7874358974358975
1898,Oceania,5932700,5.772222222222222
1906,Africa,130162000,6.391346153846154
1906,Americas,164915200,5.819354838709677
1906,Asia,936354700,6.276595744680851
1906,Europe,422479000,4.584358974358974
1906,Oceania,6632700,5.723333333333333
1914,Africa,138866400,6.386923076923077
1914,Americas,190731000,5.698387096774193
1914,Asia,997190800,6.303617021276596
1914,Europe,450232000,4.171538461538462
1914,Oceania,7739800,5.674444444444444
1922,Africa,149702900,6.393461538461538
1922,Americas,214862300,5.648064516129033
1922,Asia,1066350400,6.2712765957446805
1922,Europe,458913000,3.867692307692308
1922,Oceania,8660600,5.54
1930,Africa,163572700,6.390384615384615
1930,Americas,244682000,5.497096774193548
1930,Asia,1126735300,6.237021276595744
1930,Europe,490446000,3.442820512820513
1930,Oceania,9838600,5.422222222222223
1938,Africa,184788300,6.3798076923076925
1938,Americas,269315900,5.330322580645162
1938,Asia,1222980100,6.136382978723405
1938,Europe,520555000,3.01
1938,Oceania,10540500,5.510000000000001
1946,Africa,211705900,6.404038461538462
1946,Americas,306017700,5.488387096774194
1946,Asia,1317947500,5.953829787234042
1946,Europe,531123000,3.1425641025641027
1946,Oceania,11409000,5.861111111111111
1954,Africa,247941400,6.468653846153846
1954,Americas,369179100,5.741935483870968
1954,Asia,1506977500,6.027872340425532
1954,Europe,571513000,2.96
1954,Oceania,13548200,6.1
1962,Africa,298520600,6.662884615384614
1962,Americas,440652900,5.77741935483871
1962,Asia,1756264200,6.147234042553192
1962,Europe,618039000,2.7946153846153843
1962,Oceania,16110400,6.045555555555556
1970,Africa,365546400,6.742884615384615
1970,Americas,515523500,5.04258064516129
1970,Asia,2119702000,5.83872340425532
1970,Europe,656844000,2.441794871794872
1970,Oceania,19195000,5.358888888888889
1978,Africa,452907900,6.649230769230769
1978,Americas,593284400,4.206451612903226
1978,Asia,2520748000,5.142978723404255
1978,Europe,687493000,2.112307692307692
1978,Oceania,21796100,4.8533333333333335
1986,Africa,567262000,6.279038461538462
1986,Americas,677105800,3.6106451612903223
1986,Asia,2950356000,4.596595744680851
1986,Europe,710691000,1.9294871794871795
1986,Oceania,24641600,4.381111111111111
1994,Africa,702828500,5.658461538461538
1994,Americas,765678100,3.113225806451613
1994,Asia,3411496000,3.736382978723404
1994,Europe,726884000,1.6715384615384614
1994,Oceania,27910500,3.982222222222223
2002,Africa,856955200,5.131346153846153
2002,Americas,853475300,2.649677419354839
2002,Asia,3797542000,2.960851063829787
2002,Europe,727143000,1.4892307692307691
2002,Oceania,31128500,3.621111111111112
2010,Africa,1047833400,4.715192307692307
2010,Americas,934765700,2.3429032258064515
2010,Asia,4163883000,2.6482978723404256
2010,Europe,736328000,1.5856410256410258
2010,Oceania,35597000,3.393333333333333
2018,Africa,1286388200,4.212307692307692
2018,Americas,1010688000,2.144516129032258
2018,Asia,4514211000,2.4027659574468085
2018,Europe,742109000,1.606666666666667
2018,Oceania,40212000,3.086666666666667
