year,population
1800,947175000
1801,950440300
1802,954581200
1803,959541000
1804,963907900
1805,968071900
1806,972267900
1807,976436800
1808,980511900
1809,985767900
1810,991147800
1811,994607700
1812,999779800
1813,1004559600
1814,1009302800
1815,1015091100
1816,1020255100
1817,1026383200
1818,1031434800
1819,1037624400
1820,1042965500
1821,1049670800
1822,1055608700
1823,1061247000
1824,1067417900
1825,1073182100
1826,1079242600
1827,1084635300
1828,1091252700
1829,1097870600
1830,1102398900
1831,1109463200
1832,1115342800
1833,1119968600
1834,1126317300
1835,1132147400
1836,1137215400
1837,1143179700
1838,1149376300
1839,1154139300
1840,1158344100
1841,1163369800
1842,1168640500
1843,1172874400
1844,1176995600
1845,1181255300
1846,1185438500
1847,1188804100
1848,1193520500
1849,1196777700
1850,1201374200
1851,1203910400
1852,1207543400
1853,1211348700
1854,1215028100
1855,1218953700
1856,1222740500
1857,1225424100
1858,1228381900
1859,1232487500
1860,1235535100
1861,1239447100
1862,1242966600
1863,1247079400
1864,1250568900
1865,1256294000
1866,1260733300
1867,1266257700
1868,1272349100
1869,1278082800
1870,1285291700
1871,1291598900
1872,1298772700
1873,1303595200
1874,1310951000
1875,1319674000
1876,1326868800
1877,1335625900
1878,1343599700
1879,1353569700
1880,1362924700
1881,1372280700
1882,1381699900
1883,1391411400
1884,1400969600
1885,1410302100
1886,1421355500
1887,1431062800
1888,1440992400
1889,1452228000
1890,1462311800
1891,1473562300
1892,1484867900
1893,1496327300
1894,1507292100
1895,1518514400
1896,1530367200
1897,1542593600
1898,1556011100
1899,1568639900
1900,1581144800
1901,1594004000
1902,1606601800
1903,1619687100
1904,1633855500
1905,1647109300
1906,1660543600
1907,1674622000
1908,1689596800
1909,1704595700
1910,1719270000
1911,1734325300
1912,1750861500
1913,1767662900
1914,1784760000
1915,1798993900
1916,1813329200
1917,1826986200
1918,1839024400
1919,1852170700
1920,1866374300
1921,1881167100
1922,1898489200
1923,1914788400
1924,1931557200
1925,1948432800
1926,1965104500
1927,1982955800
1928,1998259300
1929,2017671800
1930,2035274600
1931,2056416200
1932,2079028800
1933,2100214300
1934,2120205100
1935,2142300700
1936,2164479600
1937,2185291300
1938,2208179800
1939,2229910600
1940,2250747600
1941,2271820800
1942,2292441100
1943,2314399600
1944,2334669600
1945,2354139100
1946,2378203100
1947,2405761400
1948,2437373500
1949,2476858300
1950,2521591400
1951,2569258400
1952,2615760000
1953,2662273300
1954,2709159200
1955,2755439100
1956,2805496100
1957,2854944400
1958,2906310600
1959,2960041900
1960,3014523800
1961,3070054500
1962,3129587100
1963,3189758900
1964,3250793100
1965,3317662000
1966,3385223400
1967,3456292600
1968,3528511000
1969,3602031800
1970,3676810900
1971,3749151600
1972,3825530100
1973,3901263700
1974,3976423000
1975,4052113000
1976,4126839100
1977,4199678700
1978,4276229400
1979,4351760100
1980,4428684000
1981,4509195600
1982,4586202300
1983,4672498100
1984,4752267200
1985,4841194500
1986,4930056400
1987,5020647900
1988,5111628000
1989,5203697400
1990,5294212200
1991,5385524300
1992,5464631600
1993,5556050600
1994,5634797100
1995,5714352100
1996,5795576600
1997,5875329100
1998,5956978800
1999,6028544500
2000,6101939300
2001,6183505200
2002,6266244000
2003,6348528900
2004,6422128300
2005,6495979300
2006,6581993300
2007,6669780000
2008,6748170600
2009,6826698600
2010,6918407100
2011,7007906500
2012,7088748100
2013,7172266600
2014,7251928200
2015,7345210600
2016,7417600200
2017,7509107700
2018,7593608200
