dataset,group,observation,value
Symmetric,A,1,13.965157790790224
Symmetric,A,2,13.50407526454146
Symmetric,A,3,14.981627754036978
Symmetric,A,4,15.566831238956164
Symmetric,A,5,10.937979661826668
Symmetric,A,6,10.034842209209776
Symmetric,A,7,14.453729723064697
Symmetric,A,8,20.189225935294512
Symmetric,A,9,9.546270276935303
Symmetric,A,10,11.367522019462402
Symmetric,A,11,7.760423975772762
Symmetric,A,12,3.8107740647054857
Symmetric,A,13,16.239576024227237
Symmetric,A,14,12.210055192747289
Symmetric,A,15,9.018372245963022
Symmetric,A,16,11.789944807252711
Symmetric,A,17,13.062020338173332
Symmetric,A,18,18.168032808437765
Symmetric,A,19,6.941478480605569
Symmetric,A,20,8.433168761043836
Symmetric,A,21,17.058521519394432
Symmetric,A,22,5.831967191562236
Symmetric,A,23,12.632477980537598
Symmetric,A,24,10.49592473545854
Symmetric,B,1,15.937979661826668
Symmetric,B,2,19.981627754036978
Symmetric,B,3,14.546270276935303
Symmetric,B,4,20.566831238956162
Symmetric,B,5,10.831967191562235
Symmetric,B,6,13.433168761043836
Symmetric,B,7,15.49592473545854
Symmetric,B,8,16.789944807252713
Symmetric,B,9,15.034842209209776
Symmetric,B,10,18.965157790790226
Symmetric,B,11,14.018372245963022
Symmetric,B,12,22.058521519394432
Symmetric,B,13,17.210055192747287
Symmetric,B,14,8.810774064705486
Symmetric,B,15,18.06202033817333
Symmetric,B,16,25.189225935294512
Symmetric,B,17,18.50407526454146
Symmetric,B,18,21.239576024227237
Symmetric,B,19,11.941478480605568
Symmetric,B,20,16.367522019462402
Symmetric,B,21,12.760423975772763
Symmetric,B,22,17.632477980537598
Symmetric,B,23,23.168032808437765
Symmetric,B,24,19.453729723064697
Outlier,A,1,8.433168761043836
Outlier,A,2,14.981627754036978
Outlier,A,3,12.210055192747289
Outlier,A,4,18.168032808437765
Outlier,A,5,13.965157790790224
Outlier,A,6,13.50407526454146
Outlier,A,7,10.034842209209776
Outlier,A,8,17.058521519394432
Outlier,A,9,12.632477980537598
Outlier,A,10,10.49592473545854
Outlier,A,11,9.546270276935303
Outlier,A,12,11.367522019462402
Outlier,A,13,3.8107740647054857
Outlier,A,14,9.018372245963022
Outlier,A,15,5.831967191562236
Outlier,A,16,14.453729723064697
Outlier,A,17,10.937979661826668
Outlier,A,18,6.941478480605569
Outlier,A,19,7.760423975772762
Outlier,A,20,20.189225935294512
Outlier,A,21,13.062020338173332
Outlier,A,22,16.239576024227237
Outlier,A,23,15.566831238956164
Outlier,A,24,11.789944807252711
Outlier,B,1,15.885519961102181
Outlier,B,2,16.644638543072798
Outlier,B,3,15.536591448715626
Outlier,B,4,16.013829409874333
Outlier,B,5,16.306762088264012
Outlier,B,6,15.735989812718056
Outlier,B,7,16.190314177895427
Outlier,B,8,16.073866267526842
Outlier,B,9,16.49510839468867
Outlier,B,10,16.73468147004384
Outlier,B,11,16.36679894591652
Outlier,B,12,16.248187831432364
Outlier,B,13,15.388783730765358
Outlier,B,14,15.645946885747016
Outlier,B,15,16.429197871361108
Outlier,B,16,15.951430484429746
Outlier,B,17,15.814506745832713
Outlier,B,18,16.56612160995814
Outlier,B,19,15.12024659738834
Outlier,B,20,35.62277390840518
Outlier,B,21,17.260381758402513
Outlier,B,22,16.13244052435849
Outlier,B,23,16.84403690707523
Outlier,B,24,16.991844625025497
Bimodal,A,1,7.85323276738759
Bimodal,A,2,7.960560672270629
Bimodal,A,3,8.488536091061276
Bimodal,A,4,7.30084651393223
Bimodal,A,5,15.634578265220355
Bimodal,A,6,15.741906170103393
Bimodal,A,7,8.060475906957702
Bimodal,A,8,8.917807988235005
Bimodal,A,9,7.572251292768204
Bimodal,A,10,16.69915348606777
Bimodal,A,11,15.841821404790466
Bimodal,A,12,8.365421734779645
Bimodal,A,13,15.082192011764995
Bimodal,A,14,16.14676723261241
Bimodal,A,15,16.427748707231796
Bimodal,A,16,7.73011841110596
Bimodal,A,17,8.646403209399033
Bimodal,A,18,15.353596790600967
Bimodal,A,19,16.26988158889404
Bimodal,A,20,8.258093829896607
Bimodal,A,21,15.939524093042298
Bimodal,A,22,16.039439327729372
Bimodal,A,23,15.511463908938724
Bimodal,A,24,8.158178595209534
Bimodal,B,1,13.917807988235005
Bimodal,B,2,20.511463908938723
Bimodal,B,3,21.427748707231796
Bimodal,B,4,21.69915348606777
Bimodal,B,5,20.634578265220355
Bimodal,B,6,20.841821404790466
Bimodal,B,7,12.960560672270628
Bimodal,B,8,12.730118411105959
Bimodal,B,9,13.158178595209534
Bimodal,B,10,21.14676723261241
Bimodal,B,11,21.26988158889404
Bimodal,B,12,13.365421734779645
Bimodal,B,13,13.060475906957702
Bimodal,B,14,20.74190617010339
Bimodal,B,15,12.30084651393223
Bimodal,B,16,13.488536091061276
Bimodal,B,17,13.646403209399033
Bimodal,B,18,20.939524093042298
Bimodal,B,19,13.258093829896607
Bimodal,B,20,12.572251292768204
Bimodal,B,21,21.039439327729372
Bimodal,B,22,20.353596790600967
Bimodal,B,23,20.082192011764995
Bimodal,B,24,12.85323276738759
Right-skewed,A,1,12.219338063464994
Right-skewed,A,2,8.14120283094292
Right-skewed,A,3,9.440555494844403
Right-skewed,A,4,10.603656589208361
Right-skewed,A,5,19.486217601541842
Right-skewed,A,6,9.194051075687806
Right-skewed,A,7,10.281238582298933
Right-skewed,A,8,24.08870711116329
Right-skewed,A,9,11.753373114705493
Right-skewed,A,10,17.346181850185832
Right-skewed,A,11,8.961248603305753
Right-skewed,A,12,14.04304500446586
Right-skewed,A,13,9.702476183437128
Right-skewed,A,14,11.334086827043821
Right-skewed,A,15,14.88372809192039
Right-skewed,A,16,9.98187079305368
Right-skewed,A,17,8.531192730042779
Right-skewed,A,18,8.33166137753758
Right-skewed,A,19,10.952972707729657
Right-skewed,A,20,7.9590277600905805
Right-skewed,A,21,8.74070471023889
Right-skewed,A,22,13.343194219860344
Right-skewed,A,23,12.743692340564374
Right-skewed,A,24,15.936576336665276
Right-skewed,B,1,14.702476183437128
Right-skewed,B,2,17.219338063464992
Right-skewed,B,3,20.936576336665276
Right-skewed,B,4,19.04304500446586
Right-skewed,B,5,14.194051075687806
Right-skewed,B,6,16.334086827043823
Right-skewed,B,7,29.08870711116329
Right-skewed,B,8,24.486217601541842
Right-skewed,B,9,15.952972707729657
Right-skewed,B,10,16.753373114705493
Right-skewed,B,11,13.33166137753758
Right-skewed,B,12,22.346181850185832
Right-skewed,B,13,15.281238582298933
Right-skewed,B,14,13.961248603305753
Right-skewed,B,15,15.603656589208361
Right-skewed,B,16,14.440555494844403
Right-skewed,B,17,14.98187079305368
Right-skewed,B,18,18.343194219860344
Right-skewed,B,19,13.74070471023889
Right-skewed,B,20,17.743692340564373
Right-skewed,B,21,13.14120283094292
Right-skewed,B,22,19.88372809192039
Right-skewed,B,23,13.531192730042779
Right-skewed,B,24,12.959027760090581
Unequal n,A,1,13.50407526454146
Unequal n,A,2,14.453729723064697
Unequal n,A,3,13.965157790790224
Unequal n,A,4,12.210055192747289
Unequal n,A,5,11.367522019462402
Unequal n,A,6,10.034842209209776
Unequal n,A,7,7.760423975772762
Unequal n,A,8,10.937979661826668
Unequal n,A,9,8.433168761043836
Unequal n,A,10,18.168032808437765
Unequal n,A,11,3.8107740647054857
Unequal n,A,12,17.058521519394432
Unequal n,A,13,15.566831238956164
Unequal n,A,14,10.49592473545854
Unequal n,A,15,5.831967191562236
Unequal n,A,16,9.546270276935303
Unequal n,A,17,9.018372245963022
Unequal n,A,18,14.981627754036978
Unequal n,A,19,6.941478480605569
Unequal n,A,20,13.062020338173332
Unequal n,A,21,12.632477980537598
Unequal n,A,22,16.239576024227237
Unequal n,A,23,11.789944807252711
Unequal n,A,24,20.189225935294512
Unequal n,B,1,13.401830616605311
Unequal n,B,2,16.361965074100986
Unequal n,B,3,10.777774915532671
Unequal n,B,4,23.22222508446733
Unequal n,B,5,17.638034925899014
Unequal n,B,6,20.59816938339469
Unequal n,B,7,18.982423647952086
Unequal n,B,8,15.017576352047914
