Entity,Code,Year,CO2_emissions_per_capita
Africa,OWID_AFR,1900,0.016815761
Africa,OWID_AFR,1901,0.028121473
Africa,OWID_AFR,1902,0.04176499
Africa,OWID_AFR,1903,0.056402333
Africa,OWID_AFR,1904,0.06341765
Africa,OWID_AFR,1905,0.07276437
Africa,OWID_AFR,1906,0.08275714
Africa,OWID_AFR,1907,0.0909625
Africa,OWID_AFR,1908,0.09390756
Africa,OWID_AFR,1909,0.10735923
Africa,OWID_AFR,1910,0.12100435
Africa,OWID_AFR,1911,0.116731
Africa,OWID_AFR,1912,0.123760745
Africa,OWID_AFR,1913,0.13460414
Africa,OWID_AFR,1914,0.13367727
Africa,OWID_AFR,1915,0.13349853
Africa,OWID_AFR,1916,0.15768538
Africa,OWID_AFR,1917,0.17112114
Africa,OWID_AFR,1918,0.16625711
Africa,OWID_AFR,1919,0.17010342
Africa,OWID_AFR,1920,0.18615878
Africa,OWID_AFR,1921,0.18404068
Africa,OWID_AFR,1922,0.15595937
Africa,OWID_AFR,1923,0.18666829
Africa,OWID_AFR,1924,0.19445343
Africa,OWID_AFR,1925,0.20180704
Africa,OWID_AFR,1926,0.21327865
Africa,OWID_AFR,1927,0.2069944
Africa,OWID_AFR,1928,0.21005066
Africa,OWID_AFR,1929,0.21359752
Africa,OWID_AFR,1930,0.19853099
Africa,OWID_AFR,1931,0.17142504
Africa,OWID_AFR,1932,0.15295953
Africa,OWID_AFR,1933,0.16163766
Africa,OWID_AFR,1934,0.18227975
Africa,OWID_AFR,1935,0.19862159
Africa,OWID_AFR,1936,0.21307538
Africa,OWID_AFR,1937,0.22562651
Africa,OWID_AFR,1938,0.23430876
Africa,OWID_AFR,1939,0.24609981
Africa,OWID_AFR,1940,0.25714242
Africa,OWID_AFR,1941,0.27570948
Africa,OWID_AFR,1942,0.2956288
Africa,OWID_AFR,1943,0.29735428
Africa,OWID_AFR,1944,0.3243292
Africa,OWID_AFR,1945,0.32344264
Africa,OWID_AFR,1946,0.32124582
Africa,OWID_AFR,1947,0.31506482
Africa,OWID_AFR,1948,0.32733774
Africa,OWID_AFR,1949,0.34674028
Africa,OWID_AFR,1950,0.41649765
Africa,OWID_AFR,1951,0.43507445
Africa,OWID_AFR,1952,0.4648303
Africa,OWID_AFR,1953,0.4620448
Africa,OWID_AFR,1954,0.47448167
Africa,OWID_AFR,1955,0.5110498
Africa,OWID_AFR,1956,0.52177536
Africa,OWID_AFR,1957,0.5347744
Africa,OWID_AFR,1958,0.5492976
Africa,OWID_AFR,1959,0.53397065
Africa,OWID_AFR,1960,0.5522655
Africa,OWID_AFR,1961,0.5578653
Africa,OWID_AFR,1962,0.5590841
Africa,OWID_AFR,1963,0.5783184
Africa,OWID_AFR,1964,0.6194881
Africa,OWID_AFR,1965,0.66656
Africa,OWID_AFR,1966,0.6725959
Africa,OWID_AFR,1967,0.70288783
Africa,OWID_AFR,1968,0.74327004
Africa,OWID_AFR,1969,0.7815181
Africa,OWID_AFR,1970,0.8287897
Africa,OWID_AFR,1971,0.88507915
Africa,OWID_AFR,1972,0.91421306
Africa,OWID_AFR,1973,0.955953
Africa,OWID_AFR,1974,0.9554404
Africa,OWID_AFR,1975,0.92609376
Africa,OWID_AFR,1976,0.97656566
Africa,OWID_AFR,1977,0.97908884
Africa,OWID_AFR,1978,1.0160565
Africa,OWID_AFR,1979,1.0646842
Africa,OWID_AFR,1980,1.1109611
Africa,OWID_AFR,1981,1.1042064
Africa,OWID_AFR,1982,1.1159607
Africa,OWID_AFR,1983,1.1271186
Africa,OWID_AFR,1984,1.195786
Africa,OWID_AFR,1985,1.1912997
Africa,OWID_AFR,1986,1.1987499
Africa,OWID_AFR,1987,1.164914
Africa,OWID_AFR,1988,1.1901428
Africa,OWID_AFR,1989,1.1143421
Africa,OWID_AFR,1990,1.0206057
Africa,OWID_AFR,1991,1.0369513
Africa,OWID_AFR,1992,0.97995585
Africa,OWID_AFR,1993,1.0133466
Africa,OWID_AFR,1994,1.105998
Africa,OWID_AFR,1995,1.1516976
Africa,OWID_AFR,1996,1.1608697
Africa,OWID_AFR,1997,1.1607924
Africa,OWID_AFR,1998,1.155504
Africa,OWID_AFR,1999,1.1099867
Africa,OWID_AFR,2000,1.1192048
Africa,OWID_AFR,2001,1.0790793
Africa,OWID_AFR,2002,1.0288823
Africa,OWID_AFR,2003,1.1051923
Africa,OWID_AFR,2004,1.1378727
Africa,OWID_AFR,2005,1.1221477
Africa,OWID_AFR,2006,1.1240287
Africa,OWID_AFR,2007,1.1248711
Africa,OWID_AFR,2008,1.1475799
Africa,OWID_AFR,2009,1.113119
Africa,OWID_AFR,2010,1.1363413
Africa,OWID_AFR,2011,1.151749
Africa,OWID_AFR,2012,1.1212399
Africa,OWID_AFR,2013,1.1070269
Africa,OWID_AFR,2014,1.1463208
Africa,OWID_AFR,2015,1.0969372
Africa,OWID_AFR,2016,1.0947204
Africa,OWID_AFR,2017,1.0755817
Africa,OWID_AFR,2018,1.059583
Africa,OWID_AFR,2019,1.082194
Africa,OWID_AFR,2020,0.99347305
Africa,OWID_AFR,2021,1.0455389
Africa,OWID_AFR,2022,1.0103847
Africa,OWID_AFR,2023,1.0026354
Africa,OWID_AFR,2024,0.99329597
Asia,OWID_ASI,1900,0.0472352
Asia,OWID_ASI,1901,0.053730626
Asia,OWID_ASI,1902,0.05553506
Asia,OWID_ASI,1903,0.057932742
Asia,OWID_ASI,1904,0.06466662
Asia,OWID_ASI,1905,0.06534046
Asia,OWID_ASI,1906,0.07236163
Asia,OWID_ASI,1907,0.09935337
Asia,OWID_ASI,1908,0.10754707
Asia,OWID_ASI,1909,0.11000586
Asia,OWID_ASI,1910,0.11077153
Asia,OWID_ASI,1911,0.116914466
Asia,OWID_ASI,1912,0.11804809
Asia,OWID_ASI,1913,0.13440552
Asia,OWID_ASI,1914,0.13878383
Asia,OWID_ASI,1915,0.13177308
Asia,OWID_ASI,1916,0.14348204
Asia,OWID_ASI,1917,0.15393083
Asia,OWID_ASI,1918,0.15736133
Asia,OWID_ASI,1919,0.17176479
Asia,OWID_ASI,1920,0.16289392
Asia,OWID_ASI,1921,0.15834604
Asia,OWID_ASI,1922,0.16586958
Asia,OWID_ASI,1923,0.18098089
Asia,OWID_ASI,1924,0.19237006
Asia,OWID_ASI,1925,0.19291645
Asia,OWID_ASI,1926,0.19449581
Asia,OWID_ASI,1927,0.20889828
Asia,OWID_ASI,1928,0.21753278
Asia,OWID_ASI,1929,0.2244133
Asia,OWID_ASI,1930,0.22206455
Asia,OWID_ASI,1931,0.21206737
Asia,OWID_ASI,1932,0.20998852
Asia,OWID_ASI,1933,0.22802474
Asia,OWID_ASI,1934,0.25575882
Asia,OWID_ASI,1935,0.2755997
Asia,OWID_ASI,1936,0.2943277
Asia,OWID_ASI,1937,0.3081294
Asia,OWID_ASI,1938,0.31207016
Asia,OWID_ASI,1939,0.32788906
Asia,OWID_ASI,1940,0.36602822
Asia,OWID_ASI,1941,0.36846435
Asia,OWID_ASI,1942,0.34242696
Asia,OWID_ASI,1943,0.33510014
Asia,OWID_ASI,1944,0.3337643
Asia,OWID_ASI,1945,0.24729317
Asia,OWID_ASI,1946,0.23661831
Asia,OWID_ASI,1947,0.2835335
Asia,OWID_ASI,1948,0.28443986
Asia,OWID_ASI,1949,0.28081807
Asia,OWID_ASI,1950,0.29264084
Asia,OWID_ASI,1951,0.32592383
Asia,OWID_ASI,1952,0.35405102
Asia,OWID_ASI,1953,0.37090498
Asia,OWID_ASI,1954,0.39751592
Asia,OWID_ASI,1955,0.4427561
Asia,OWID_ASI,1956,0.48061845
Asia,OWID_ASI,1957,0.5287584
Asia,OWID_ASI,1958,0.6971206
Asia,OWID_ASI,1959,0.82496905
Asia,OWID_ASI,1960,0.9091839
Asia,OWID_ASI,1961,0.81073487
Asia,OWID_ASI,1962,0.7654283
Asia,OWID_ASI,1963,0.79059994
Asia,OWID_ASI,1964,0.8155993
Asia,OWID_ASI,1965,0.870726
Asia,OWID_ASI,1966,0.9258574
Asia,OWID_ASI,1967,0.91845953
Asia,OWID_ASI,1968,0.99039394
Asia,OWID_ASI,1969,1.0974275
Asia,OWID_ASI,1970,1.2620577
Asia,OWID_ASI,1971,1.3496083
Asia,OWID_ASI,1972,1.3978751
Asia,OWID_ASI,1973,1.4638795
Asia,OWID_ASI,1974,1.4577299
Asia,OWID_ASI,1975,1.4975369
Asia,OWID_ASI,1976,1.5608472
Asia,OWID_ASI,1977,1.62929
Asia,OWID_ASI,1978,1.6706676
Asia,OWID_ASI,1979,1.7065251
Asia,OWID_ASI,1980,1.6714331
Asia,OWID_ASI,1981,1.6290007
Asia,OWID_ASI,1982,1.6490928
Asia,OWID_ASI,1983,1.6812155
Asia,OWID_ASI,1984,1.7445931
Asia,OWID_ASI,1985,1.8101451
Asia,OWID_ASI,1986,1.8504077
Asia,OWID_ASI,1987,1.8912293
Asia,OWID_ASI,1988,2.0028317
Asia,OWID_ASI,1989,2.032275
Asia,OWID_ASI,1990,2.051197
Asia,OWID_ASI,1991,2.256128
Asia,OWID_ASI,1992,2.1675537
Asia,OWID_ASI,1993,2.2288237
Asia,OWID_ASI,1994,2.2964156
Asia,OWID_ASI,1995,2.367807
Asia,OWID_ASI,1996,2.4286053
Asia,OWID_ASI,1997,2.42777
Asia,OWID_ASI,1998,2.325242
Asia,OWID_ASI,1999,2.4259462
Asia,OWID_ASI,2000,2.490367
Asia,OWID_ASI,2001,2.5061107
Asia,OWID_ASI,2002,2.6080198
Asia,OWID_ASI,2003,2.8328493
Asia,OWID_ASI,2004,2.9632952
Asia,OWID_ASI,2005,3.1425073
Asia,OWID_ASI,2006,3.3130567
Asia,OWID_ASI,2007,3.45139
Asia,OWID_ASI,2008,3.5859144
Asia,OWID_ASI,2009,3.6710896
Asia,OWID_ASI,2010,3.9013112
Asia,OWID_ASI,2011,4.1435094
Asia,OWID_ASI,2012,4.250022
Asia,OWID_ASI,2013,4.2585483
Asia,OWID_ASI,2014,4.2746906
Asia,OWID_ASI,2015,4.2548037
Asia,OWID_ASI,2016,4.2415833
Asia,OWID_ASI,2017,4.3261576
Asia,OWID_ASI,2018,4.41561
Asia,OWID_ASI,2019,4.4992776
Asia,OWID_ASI,2020,4.4149313
Asia,OWID_ASI,2021,4.5623293
Asia,OWID_ASI,2022,4.685265
Asia,OWID_ASI,2023,4.8144717
Asia,OWID_ASI,2024,4.867817
Europe,OWID_EUR,1900,2.99826
Europe,OWID_EUR,1901,2.9464014
Europe,OWID_EUR,1902,2.922692
Europe,OWID_EUR,1903,3.0157037
Europe,OWID_EUR,1904,3.0448437
Europe,OWID_EUR,1905,3.10647
Europe,OWID_EUR,1906,3.1772997
Europe,OWID_EUR,1907,3.4888713
Europe,OWID_EUR,1908,3.514344
Europe,OWID_EUR,1909,3.4913185
Europe,OWID_EUR,1910,3.514245
Europe,OWID_EUR,1911,3.577552
Europe,OWID_EUR,1912,3.6962206
Europe,OWID_EUR,1913,3.9913847
Europe,OWID_EUR,1914,3.5452957
Europe,OWID_EUR,1915,3.354157
Europe,OWID_EUR,1916,3.4991796
Europe,OWID_EUR,1917,3.4287016
Europe,OWID_EUR,1918,3.109697
Europe,OWID_EUR,1919,2.6313114
Europe,OWID_EUR,1920,3.060028
Europe,OWID_EUR,1921,2.7832806
Europe,OWID_EUR,1922,3.0779796
Europe,OWID_EUR,1923,2.9186473
Europe,OWID_EUR,1924,3.3405945
Europe,OWID_EUR,1925,3.2808695
Europe,OWID_EUR,1926,2.8001137
Europe,OWID_EUR,1927,3.5375533
Europe,OWID_EUR,1928,3.5281253
Europe,OWID_EUR,1929,3.7990859
Europe,OWID_EUR,1930,3.5716798
Europe,OWID_EUR,1931,3.3101618
Europe,OWID_EUR,1932,3.0562735
Europe,OWID_EUR,1933,3.1267207
Europe,OWID_EUR,1934,3.3976998
Europe,OWID_EUR,1935,3.5414827
Europe,OWID_EUR,1936,3.7335281
Europe,OWID_EUR,1937,4.021243
Europe,OWID_EUR,1938,4.01178
Europe,OWID_EUR,1939,4.0730605
Europe,OWID_EUR,1940,4.311115
Europe,OWID_EUR,1941,4.1366825
Europe,OWID_EUR,1942,3.8281624
Europe,OWID_EUR,1943,3.8459234
Europe,OWID_EUR,1944,3.6388762
Europe,OWID_EUR,1945,2.375934
Europe,OWID_EUR,1946,3.1477296
Europe,OWID_EUR,1947,3.5971165
Europe,OWID_EUR,1948,3.8630939
Europe,OWID_EUR,1949,4.176294
Europe,OWID_EUR,1950,4.3372517
Europe,OWID_EUR,1951,4.7441854
Europe,OWID_EUR,1952,4.852348
Europe,OWID_EUR,1953,4.9439373
Europe,OWID_EUR,1954,5.2089024
Europe,OWID_EUR,1955,5.6156025
Europe,OWID_EUR,1956,5.9247875
Europe,OWID_EUR,1957,6.116099
Europe,OWID_EUR,1958,6.1148453
Europe,OWID_EUR,1959,6.1877055
Europe,OWID_EUR,1960,6.5441074
Europe,OWID_EUR,1961,6.716583
Europe,OWID_EUR,1962,7.019497
Europe,OWID_EUR,1963,7.391823
Europe,OWID_EUR,1964,7.691739
Europe,OWID_EUR,1965,7.8520417
Europe,OWID_EUR,1966,8.058902
Europe,OWID_EUR,1967,8.177298
Europe,OWID_EUR,1968,8.49904
Europe,OWID_EUR,1969,8.899912
Europe,OWID_EUR,1970,9.277016
Europe,OWID_EUR,1971,9.56756
Europe,OWID_EUR,1972,9.84574
Europe,OWID_EUR,1973,10.219973
Europe,OWID_EUR,1974,10.187259
Europe,OWID_EUR,1975,10.192282
Europe,OWID_EUR,1976,10.692213
Europe,OWID_EUR,1977,10.720991
Europe,OWID_EUR,1978,11.00652
Europe,OWID_EUR,1979,11.21337
Europe,OWID_EUR,1980,11.161433
Europe,OWID_EUR,1981,10.704563
Europe,OWID_EUR,1982,10.574784
Europe,OWID_EUR,1983,10.541155
Europe,OWID_EUR,1984,10.570768
Europe,OWID_EUR,1985,10.985475
Europe,OWID_EUR,1986,10.955814
Europe,OWID_EUR,1987,10.936949
Europe,OWID_EUR,1988,10.94191
Europe,OWID_EUR,1989,10.8478
Europe,OWID_EUR,1990,11.093729
Europe,OWID_EUR,1991,10.646457
Europe,OWID_EUR,1992,9.743179
Europe,OWID_EUR,1993,9.342668
Europe,OWID_EUR,1994,8.836869
Europe,OWID_EUR,1995,8.798553
Europe,OWID_EUR,1996,8.866414
Europe,OWID_EUR,1997,8.584204
Europe,OWID_EUR,1998,8.554995
Europe,OWID_EUR,1999,8.447242
Europe,OWID_EUR,2000,8.446089
Europe,OWID_EUR,2001,8.619868
Europe,OWID_EUR,2002,8.56332
Europe,OWID_EUR,2003,8.742216
Europe,OWID_EUR,2004,8.770317
Europe,OWID_EUR,2005,8.772248
Europe,OWID_EUR,2006,8.902524
Europe,OWID_EUR,2007,8.811422
Europe,OWID_EUR,2008,8.7018175
Europe,OWID_EUR,2009,7.988396
Europe,OWID_EUR,2010,8.278616
Europe,OWID_EUR,2011,8.166225
Europe,OWID_EUR,2012,8.092234
Europe,OWID_EUR,2013,7.8675003
Europe,OWID_EUR,2014,7.5443096
Europe,OWID_EUR,2015,7.533763
Europe,OWID_EUR,2016,7.495169
Europe,OWID_EUR,2017,7.5266643
Europe,OWID_EUR,2018,7.4903345
Europe,OWID_EUR,2019,7.245424
Europe,OWID_EUR,2020,6.6967344
Europe,OWID_EUR,2021,7.0246267
Europe,OWID_EUR,2022,6.812951
Europe,OWID_EUR,2023,6.545994
Europe,OWID_EUR,2024,6.541561
North America,OWID_NAM,1900,6.703664
North America,OWID_NAM,1901,7.191244
North America,OWID_NAM,1902,7.4938827
North America,OWID_NAM,1903,8.591813
North America,OWID_NAM,1904,8.378315
North America,OWID_NAM,1905,9.189057
North America,OWID_NAM,1906,9.482193
North America,OWID_NAM,1907,10.844588
North America,OWID_NAM,1908,9.380331
North America,OWID_NAM,1909,10.150135
North America,OWID_NAM,1910,10.91125
North America,OWID_NAM,1911,10.752785
North America,OWID_NAM,1912,11.33853
North America,OWID_NAM,1913,12.089126
North America,OWID_NAM,1914,10.872295
North America,OWID_NAM,1915,11.084629
North America,OWID_NAM,1916,12.221802
North America,OWID_NAM,1917,13.327446
North America,OWID_NAM,1918,13.76596
North America,OWID_NAM,1919,11.611304
North America,OWID_NAM,1920,13.619003
North America,OWID_NAM,1921,11.273651
North America,OWID_NAM,1922,11.090768
North America,OWID_NAM,1923,14.154896
North America,OWID_NAM,1924,12.486585
North America,OWID_NAM,1925,12.520027
North America,OWID_NAM,1926,13.276099
North America,OWID_NAM,1927,12.7687435
North America,OWID_NAM,1928,12.341001
North America,OWID_NAM,1929,13.013824
North America,OWID_NAM,1930,11.463742
North America,OWID_NAM,1931,9.612037
North America,OWID_NAM,1932,8.109149
North America,OWID_NAM,1933,8.583557
North America,OWID_NAM,1934,9.09275
North America,OWID_NAM,1935,9.345112
North America,OWID_NAM,1936,10.587172
North America,OWID_NAM,1937,11.00871
North America,OWID_NAM,1938,9.288044
North America,OWID_NAM,1939,10.104448
North America,OWID_NAM,1940,11.191834
North America,OWID_NAM,1941,12.014413
North America,OWID_NAM,1942,12.702232
North America,OWID_NAM,1943,12.911896
North America,OWID_NAM,1944,13.608128
North America,OWID_NAM,1945,12.901245
North America,OWID_NAM,1946,12.218642
North America,OWID_NAM,1947,13.183822
North America,OWID_NAM,1948,13.504565
North America,OWID_NAM,1949,11.205984
North America,OWID_NAM,1950,12.471012
North America,OWID_NAM,1951,12.680518
North America,OWID_NAM,1952,12.136213
North America,OWID_NAM,1953,12.190486
North America,OWID_NAM,1954,11.484831
North America,OWID_NAM,1955,12.297914
North America,OWID_NAM,1956,12.706548
North America,OWID_NAM,1957,12.3791065
North America,OWID_NAM,1958,11.826562
North America,OWID_NAM,1959,11.9476595
North America,OWID_NAM,1960,11.985103
North America,OWID_NAM,1961,11.72341
North America,OWID_NAM,1962,11.936488
North America,OWID_NAM,1963,12.172398
North America,OWID_NAM,1964,12.559172
North America,OWID_NAM,1965,12.837252
North America,OWID_NAM,1966,13.227015
North America,OWID_NAM,1967,13.563191
North America,OWID_NAM,1968,13.866941
North America,OWID_NAM,1969,14.318686
North America,OWID_NAM,1970,15.20661
North America,OWID_NAM,1971,15.109756
North America,OWID_NAM,1972,15.612672
North America,OWID_NAM,1973,16.058285
North America,OWID_NAM,1974,15.381584
North America,OWID_NAM,1975,14.657456
North America,OWID_NAM,1976,15.148983
North America,OWID_NAM,1977,15.340862
North America,OWID_NAM,1978,15.635167
North America,OWID_NAM,1979,15.583867
North America,OWID_NAM,1980,14.961503
North America,OWID_NAM,1981,14.250882
North America,OWID_NAM,1982,13.468686
North America,OWID_NAM,1983,13.266642
North America,OWID_NAM,1984,13.494519
North America,OWID_NAM,1985,13.391417
North America,OWID_NAM,1986,13.161354
North America,OWID_NAM,1987,13.578401
North America,OWID_NAM,1988,13.963881
North America,OWID_NAM,1989,14.00591
North America,OWID_NAM,1990,14.1804695
North America,OWID_NAM,1991,13.854948
North America,OWID_NAM,1992,13.927009
North America,OWID_NAM,1993,13.97754
North America,OWID_NAM,1994,14.049536
North America,OWID_NAM,1995,14.0109415
North America,OWID_NAM,1996,14.29215
North America,OWID_NAM,1997,14.366525
North America,OWID_NAM,1998,14.388422
North America,OWID_NAM,1999,14.406991
North America,OWID_NAM,2000,14.78584
North America,OWID_NAM,2001,14.3968
North America,OWID_NAM,2002,14.348756
North America,OWID_NAM,2003,14.405507
North America,OWID_NAM,2004,14.442656
North America,OWID_NAM,2005,14.367344
North America,OWID_NAM,2006,14.08284
North America,OWID_NAM,2007,14.120287
North America,OWID_NAM,2008,13.5402565
North America,OWID_NAM,2009,12.485616
North America,OWID_NAM,2010,12.715312
North America,OWID_NAM,2011,12.401896
North America,OWID_NAM,2012,11.919599
North America,OWID_NAM,2013,12.050421
North America,OWID_NAM,2014,12.008157
North America,OWID_NAM,2015,11.604535
North America,OWID_NAM,2016,11.248586
North America,OWID_NAM,2017,11.042576
North America,OWID_NAM,2018,11.245828
North America,OWID_NAM,2019,10.953225
North America,OWID_NAM,2020,9.761333
North America,OWID_NAM,2021,10.352162
North America,OWID_NAM,2022,10.390202
North America,OWID_NAM,2023,10.096913
North America,OWID_NAM,2024,9.990717
Oceania,OWID_OCE,1900,2.1297188
Oceania,OWID_OCE,1901,2.398582
Oceania,OWID_OCE,1902,2.4026918
Oceania,OWID_OCE,1903,2.363649
Oceania,OWID_OCE,1904,2.4231951
Oceania,OWID_OCE,1905,2.485356
Oceania,OWID_OCE,1906,2.8574042
Oceania,OWID_OCE,1907,3.027907
Oceania,OWID_OCE,1908,3.1917098
Oceania,OWID_OCE,1909,2.8318686
Oceania,OWID_OCE,1910,3.3242135
Oceania,OWID_OCE,1911,3.530919
Oceania,OWID_OCE,1912,3.774761
Oceania,OWID_OCE,1913,3.867985
Oceania,OWID_OCE,1914,4.2468805
Oceania,OWID_OCE,1915,3.8045247
Oceania,OWID_OCE,1916,3.4347842
Oceania,OWID_OCE,1917,3.5402331
Oceania,OWID_OCE,1918,3.757969
Oceania,OWID_OCE,1919,3.49445
Oceania,OWID_OCE,1920,3.8772013
Oceania,OWID_OCE,1921,3.510862
Oceania,OWID_OCE,1922,3.6104672
Oceania,OWID_OCE,1923,3.6792982
Oceania,OWID_OCE,1924,3.9433222
Oceania,OWID_OCE,1925,4.0621634
Oceania,OWID_OCE,1926,3.9878254
Oceania,OWID_OCE,1927,4.1629214
Oceania,OWID_OCE,1928,3.8592007
Oceania,OWID_OCE,1929,3.580529
Oceania,OWID_OCE,1930,3.3903053
Oceania,OWID_OCE,1931,2.920057
Oceania,OWID_OCE,1932,2.8755095
Oceania,OWID_OCE,1933,3.0296645
Oceania,OWID_OCE,1934,3.1927643
Oceania,OWID_OCE,1935,3.461274
Oceania,OWID_OCE,1936,3.6665754
Oceania,OWID_OCE,1937,3.8941302
Oceania,OWID_OCE,1938,3.8277617
Oceania,OWID_OCE,1939,4.2247157
Oceania,OWID_OCE,1940,3.9086487
Oceania,OWID_OCE,1941,4.277715
Oceania,OWID_OCE,1942,4.467558
Oceania,OWID_OCE,1943,4.332158
Oceania,OWID_OCE,1944,4.244469
Oceania,OWID_OCE,1945,4.005228
Oceania,OWID_OCE,1946,4.220124
Oceania,OWID_OCE,1947,4.3274937
Oceania,OWID_OCE,1948,4.4369144
Oceania,OWID_OCE,1949,4.443873
Oceania,OWID_OCE,1950,5.171454
Oceania,OWID_OCE,1951,5.4350247
Oceania,OWID_OCE,1952,5.5148296
Oceania,OWID_OCE,1953,5.3761744
Oceania,OWID_OCE,1954,5.664434
Oceania,OWID_OCE,1955,5.8655486
Oceania,OWID_OCE,1956,6.0261283
Oceania,OWID_OCE,1957,5.923712
Oceania,OWID_OCE,1958,5.923765
Oceania,OWID_OCE,1959,6.1259775
Oceania,OWID_OCE,1960,6.3629203
Oceania,OWID_OCE,1961,6.217038
Oceania,OWID_OCE,1962,6.277265
Oceania,OWID_OCE,1963,6.522281
Oceania,OWID_OCE,1964,6.9250956
Oceania,OWID_OCE,1965,7.397668
Oceania,OWID_OCE,1966,7.402915
Oceania,OWID_OCE,1967,7.611002
Oceania,OWID_OCE,1968,7.8409934
Oceania,OWID_OCE,1969,8.129324
Oceania,OWID_OCE,1970,8.582492
Oceania,OWID_OCE,1971,8.572884
Oceania,OWID_OCE,1972,8.547464
Oceania,OWID_OCE,1973,9.341156
Oceania,OWID_OCE,1974,9.045362
Oceania,OWID_OCE,1975,9.192577
Oceania,OWID_OCE,1976,8.951951
Oceania,OWID_OCE,1977,9.450781
Oceania,OWID_OCE,1978,9.620122
Oceania,OWID_OCE,1979,9.510916
Oceania,OWID_OCE,1980,9.976567
Oceania,OWID_OCE,1981,10.189852
Oceania,OWID_OCE,1982,10.260925
Oceania,OWID_OCE,1983,9.655535
Oceania,OWID_OCE,1984,9.977473
Oceania,OWID_OCE,1985,10.246546
Oceania,OWID_OCE,1986,10.115781
Oceania,OWID_OCE,1987,10.433877
Oceania,OWID_OCE,1988,10.558386
Oceania,OWID_OCE,1989,11.00992
Oceania,OWID_OCE,1990,11.629255
Oceania,OWID_OCE,1991,11.50567
Oceania,OWID_OCE,1992,11.582465
Oceania,OWID_OCE,1993,11.567867
Oceania,OWID_OCE,1994,11.579777
Oceania,OWID_OCE,1995,11.797896
Oceania,OWID_OCE,1996,11.901584
Oceania,OWID_OCE,1997,12.069698
Oceania,OWID_OCE,1998,12.331419
Oceania,OWID_OCE,1999,12.501396
Oceania,OWID_OCE,2000,12.555097
Oceania,OWID_OCE,2001,12.683039
Oceania,OWID_OCE,2002,12.653574
Oceania,OWID_OCE,2003,12.785553
Oceania,OWID_OCE,2004,12.931412
Oceania,OWID_OCE,2005,12.872375
Oceania,OWID_OCE,2006,12.836972
Oceania,OWID_OCE,2007,12.836743
Oceania,OWID_OCE,2008,12.72464
Oceania,OWID_OCE,2009,12.469608
Oceania,OWID_OCE,2010,12.212045
Oceania,OWID_OCE,2011,11.9738455
Oceania,OWID_OCE,2012,11.815823
Oceania,OWID_OCE,2013,11.422256
Oceania,OWID_OCE,2014,11.166204
Oceania,OWID_OCE,2015,11.188197
Oceania,OWID_OCE,2016,11.199582
Oceania,OWID_OCE,2017,11.119262
Oceania,OWID_OCE,2018,10.996687
Oceania,OWID_OCE,2019,10.84414
Oceania,OWID_OCE,2020,10.258111
Oceania,OWID_OCE,2021,9.912678
Oceania,OWID_OCE,2022,9.678767
Oceania,OWID_OCE,2023,9.562097
Oceania,OWID_OCE,2024,9.533471
South America,OWID_SAM,1900,0.21621478
South America,OWID_SAM,1901,0.22880019
South America,OWID_SAM,1902,0.23927331
South America,OWID_SAM,1903,0.23916085
South America,OWID_SAM,1904,0.2441603
South America,OWID_SAM,1905,0.27950913
South America,OWID_SAM,1906,0.3327609
South America,OWID_SAM,1907,0.37236306
South America,OWID_SAM,1908,0.3854601
South America,OWID_SAM,1909,0.37234485
South America,OWID_SAM,1910,0.409141
South America,OWID_SAM,1911,0.46478626
South America,OWID_SAM,1912,0.47052085
South America,OWID_SAM,1913,0.4845292
South America,OWID_SAM,1914,0.3947213
South America,OWID_SAM,1915,0.2812881
South America,OWID_SAM,1916,0.25774732
South America,OWID_SAM,1917,0.22582251
South America,OWID_SAM,1918,0.19718663
South America,OWID_SAM,1919,0.22625773
South America,OWID_SAM,1920,0.2625075
South America,OWID_SAM,1921,0.24539292
South America,OWID_SAM,1922,0.27437925
South America,OWID_SAM,1923,0.3052269
South America,OWID_SAM,1924,0.37482536
South America,OWID_SAM,1925,0.3898891
South America,OWID_SAM,1926,0.3971582
South America,OWID_SAM,1927,0.426782
South America,OWID_SAM,1928,0.43834385
South America,OWID_SAM,1929,0.47283188
South America,OWID_SAM,1930,0.3948104
South America,OWID_SAM,1931,0.3535584
South America,OWID_SAM,1932,0.39088354
South America,OWID_SAM,1933,0.4336828
South America,OWID_SAM,1934,0.4763104
South America,OWID_SAM,1935,0.5045812
South America,OWID_SAM,1936,0.48874187
South America,OWID_SAM,1937,0.60005814
South America,OWID_SAM,1938,0.54905653
South America,OWID_SAM,1939,0.5266004
South America,OWID_SAM,1940,0.56424356
South America,OWID_SAM,1941,0.5589522
South America,OWID_SAM,1942,0.51370543
South America,OWID_SAM,1943,0.50880134
South America,OWID_SAM,1944,0.54848903
South America,OWID_SAM,1945,0.54272
South America,OWID_SAM,1946,0.5582945
South America,OWID_SAM,1947,0.5954354
South America,OWID_SAM,1948,0.6482543
South America,OWID_SAM,1949,0.64339936
South America,OWID_SAM,1950,1.0041254
South America,OWID_SAM,1951,1.1316377
South America,OWID_SAM,1952,1.187007
South America,OWID_SAM,1953,1.1484048
South America,OWID_SAM,1954,1.2002786
South America,OWID_SAM,1955,1.3150389
South America,OWID_SAM,1956,1.3855476
South America,OWID_SAM,1957,1.4118793
South America,OWID_SAM,1958,1.2726239
South America,OWID_SAM,1959,1.3643128
South America,OWID_SAM,1960,1.3418474
South America,OWID_SAM,1961,1.3227601
South America,OWID_SAM,1962,1.3757195
South America,OWID_SAM,1963,1.3623447
South America,OWID_SAM,1964,1.3916494
South America,OWID_SAM,1965,1.4143811
South America,OWID_SAM,1966,1.4470665
South America,OWID_SAM,1967,1.4973593
South America,OWID_SAM,1968,1.5721273
South America,OWID_SAM,1969,1.6610438
South America,OWID_SAM,1970,1.7611747
South America,OWID_SAM,1971,1.7653229
South America,OWID_SAM,1972,1.8048741
South America,OWID_SAM,1973,1.9105396
South America,OWID_SAM,1974,1.9811608
South America,OWID_SAM,1975,1.9144534
South America,OWID_SAM,1976,1.9069666
South America,OWID_SAM,1977,1.9334581
South America,OWID_SAM,1978,2.0091493
South America,OWID_SAM,1979,2.10168
South America,OWID_SAM,1980,2.1135788
South America,OWID_SAM,1981,1.9914278
South America,OWID_SAM,1982,1.9528536
South America,OWID_SAM,1983,1.8912982
South America,OWID_SAM,1984,1.8726878
South America,OWID_SAM,1985,1.8725166
South America,OWID_SAM,1986,1.9369823
South America,OWID_SAM,1987,1.9974277
South America,OWID_SAM,1988,2.0397782
South America,OWID_SAM,1989,1.9993336
South America,OWID_SAM,1990,2.024764
South America,OWID_SAM,1991,2.0140781
South America,OWID_SAM,1992,2.0178697
South America,OWID_SAM,1993,2.0949047
South America,OWID_SAM,1994,2.0691943
South America,OWID_SAM,1995,2.141113
South America,OWID_SAM,1996,2.1994238
South America,OWID_SAM,1997,2.3062692
South America,OWID_SAM,1998,2.3424377
South America,OWID_SAM,1999,2.370899
South America,OWID_SAM,2000,2.3344057
South America,OWID_SAM,2001,2.2443588
South America,OWID_SAM,2002,2.2944076
South America,OWID_SAM,2003,2.2680585
South America,OWID_SAM,2004,2.3405006
South America,OWID_SAM,2005,2.3803587
South America,OWID_SAM,2006,2.427945
South America,OWID_SAM,2007,2.4943237
South America,OWID_SAM,2008,2.5829513
South America,OWID_SAM,2009,2.486204
South America,OWID_SAM,2010,2.7457771
South America,OWID_SAM,2011,2.7603357
South America,OWID_SAM,2012,2.8695872
South America,OWID_SAM,2013,3.0007956
South America,OWID_SAM,2014,3.0108438
South America,OWID_SAM,2015,2.8996654
South America,OWID_SAM,2016,2.7654984
South America,OWID_SAM,2017,2.7012587
South America,OWID_SAM,2018,2.5753226
South America,OWID_SAM,2019,2.5866785
South America,OWID_SAM,2020,2.3102164
South America,OWID_SAM,2021,2.5944958
South America,OWID_SAM,2022,2.5570683
South America,OWID_SAM,2023,2.5591495
South America,OWID_SAM,2024,2.5496047
