,Unnamed: 0,duration_in_seconds,site,age,gender,country_birth,job,condition,stress
441,1080,1209,loyo,19,Female,usa,,Mindful walking,1.4
2160,6432,80669,fras,19,Female,canada,,Control (book chapter),2.0
1264,3473,1342,nort2,73,Female,England,Retired doing volunteering,Mindful breathing,1.0
991,2681,1617,radb,21,Male,Nederland,,Mindful breathing,1.6
534,1362,1576,suny,19,Male,America,,Mindful breathing,1.6
1347,3717,1340,flor,24,Female,United States of American,,Body scan,1.2
2141,6369,1351,oreg,30,Female,United States,,Loving kindness,1.25
2139,6367,1223,oreg,21,Female,United States,,Control (book chapter),1.95
1019,2764,1954,utah,87,Male,us,,Control (book chapter),2.5
2036,6018,1875,seeb,22,Male,Austria,Financial advisor,Body scan,2.05
15,42,1125,spri,19,Female,United States,,Mindful breathing,1.55
1339,3684,107293,suny,18,Female,USA,,Control (book chapter),1.8
175,421,1445,wurz,18,Female,Germany,,Loving kindness,1.35
2086,6220,1217,seeb,20,Female,Austria,,Mindful walking,1.5
1385,3847,1370,utah,21,Male,United States,,Mindful walking,1.15
601,1531,1371,quee,18,Female,Viet Nam,,Body scan,1.35
2230,6670,1457,wurz,20,Female,Germany,,Mindful walking,1.6
650,1658,1984,glen,20,Female,United States,,Loving kindness,1.75
938,2506,1554,macq,18,Male,Australia,,Control (book chapter),2.15
411,964,1362,newf,19,Female,Canada,,Control (book chapter),1.95
1991,5856,1098,ryer,19,Female,Canada,,Loving kindness,2.65
2047,6051,1572,kons,25,Female,Germany,,Mindful breathing,1.85
425,1020,1205,idah,18,Female,United States,,Control (book chapter),1.7
1492,4144,1262,hous,19,Female,United States,,Body scan,1.6
163,402,1241,spri,20,Female,united states,,Body scan,2.05
1825,5168,1244,jose,19,Female,Germany,,Mindful breathing,1.6
37,97,1391,radb,19,Male,The Netherlands,,Control (book chapter),1.0
343,807,1164,quee,18,Female,australia,,Loving kindness,1.95
374,886,1612,idah,19,Female,United States,,Mindful breathing,1.45
191,459,1055,spri,21,Male,USA,,Mindful walking,2.15
602,1532,1283,lime,19,Male,England,,Body scan,2.55
1331,3660,1223,illi,18,Female,America,,Mindful walking,1.85
2012,5948,1200,flor,27,Female,USA,,Body scan,1.0
598,1520,1375,wurz,20,Female,Germany,,Body scan,1.7
1146,3123,1133,utah,23,Female,South Korea,,Control (book chapter),1.95
181,437,3219,lime,19,Female,Ireland,,Mindful walking,1.95
1736,4916,1471,suny,19,Male,USA,,Loving kindness,1.1
1248,3411,973,iowa,19,Male,USA,,Loving kindness,2.5
250,587,1460,gold,23,Female,Bangladesh,,Control (book chapter),1.45
2155,6406,1279,aust,18,Female,England,,Mindful breathing,1.8
273,652,28957,lime,19,Female,Ireland,,Mindful walking,1.45
649,1657,1158,macq,18,Female,Australia,,Mindful breathing,3.05
1660,4681,1243,hous,19,Female,America,,Loving kindness,1.85
238,560,1176,quee,19,Female,Indonesia,,Control (book chapter),2.05
1136,3087,7687,radb,20,Female,Germany,,Loving kindness,2.0
1374,3805,1594,illi,20,Female,USA,,Body scan,1.55
712,1846,1980,newf,21,Female,Canada,,Mindful breathing,1.85
2169,6469,2926,fras,19,Male,India,,Body scan,1.85
488,1225,1325,iowa,18,Female,united states,,Loving kindness,1.4
499,1263,1089,macq,18,Female,Australia,,Mindful breathing,1.65
1352,3731,1344,glen,20,Female,United States,,Loving kindness,1.95
372,882,1163,iowa,18,Female,United States,,Control (book chapter),2.25
1192,3286,1105,utah,25,Male,United States,,Mindful walking,1.75
1594,4518,86134,flor,45,Female,United States,,Body scan,1.4
943,2534,1335,cali,21,Male,United States,,Mindful breathing,1.25
911,2441,3469,macq,32,Female,Australia,,Loving kindness,1.0
2215,6631,1521,loyo,20,Female,United States,,Loving kindness,1.4
1437,3999,1075,cali,20,Male,United states,,Loving kindness,1.5
653,1663,1950,quee,19,Male,Australia,,Control (book chapter),1.7
1842,5207,1756,wurz,20,Female,Germany,,Mindful breathing,1.4
54,149,1569,witt,19,Male,United States,,Mindful breathing,1.6
498,1260,1089,macq,18,Female,Australia,,Control (book chapter),1.7
1059,2860,1284,radb,19,Female,Germany,,Mindful breathing,1.75
543,1382,2725,macq,41,Male,Nepal,,Loving kindness,1.45
1918,5564,1844,oreg,20,Female,U.S,,Body scan,1.65
494,1240,1342,macq,35,Female,Australia,,Loving kindness,1.75
1744,4957,1486,spri,19,Female,USA,,Control (book chapter),1.95
334,792,1193,lime,18,Female,ireland,,Loving kindness,1.85
277,658,1277,indi,20,Male,United States of America,,Body scan,1.15
2219,6640,2358,fras,20,Male,Canada,,Loving kindness,1.3
1767,5026,1123,hous,21,Male,United States,,Loving kindness,1.05
400,942,1451,gold,19,Female,England,,Mindful breathing,1.55
1343,3696,1182,suny,18,Female,US,,Body scan,1.0
792,2093,1414,macq,32,Female,Australia,,Body scan,1.15
1342,3695,1247,indi,19,Male,USA,,Mindful walking,2.05
224,529,1171,quee,21,Female,Hong Kong,,Mindful breathing,2.35
678,1729,1853,jose,19,Female,United States,,Control (book chapter),1.6
109,266,1823,newf,21,Female,Canada,,Mindful walking,2.1
478,1200,1272,hous,19,Female,United States,,Mindful walking,2.0
1260,3448,312361,nort2,75,Female,Uk,Retired,Control (book chapter),1.2
103,246,1282,gold,20,Female,England,,Loving kindness,1.3
1415,3929,1375,flor,22,Male,Puerto Rico,,Mindful walking,1.2
1915,5548,1419,jose,18 years,Female,United States,,Body scan,1.85
1122,3027,1525,witt,18,Female,United States,,Body scan,1.2
1454,4041,1140,hous,18,Female,United States of America,,Control (book chapter),3.05
533,1357,1254,quee,18,Female,Australia,,Loving kindness,1.05
850,2255,1214,macq,21,Male,England,,Loving kindness,1.45
1041,2818,1289,gold,20,Female,USA,,Body scan,1.95
217,514,1358,macq,21,Male,India,,Mindful breathing,1.05
1497,4161,1334,flor,19,Female,United States of America,,Control (book chapter),1.8
2061,6128,1262,seeb,25,Female,Austria,Saleswomen,Control (book chapter),2.05
1783,5066,2502,glen,23,Male,United States,General Merchandiser,Body scan,1.45
331,782,1292,quee,18,Female,England,,Loving kindness,1.05
1932,5614,1266,olaf,19,Male,United States,,Mindful breathing,2.5
1567,4417,1131,hous,19,Female,USA,,Control (book chapter),2.0
264,632,363681,spri,20,Male,United States,,Loving kindness,1.65
509,1285,1620,radb,22,Male,German,,Mindful walking,2.9
1512,4222,1471,seeb,22,Female,Austria,,Mindful breathing,1.65
1257,3434,1452,canb,19,Female,Australia,,Control (book chapter),1.5
1793,5086,1243,olaf,20,Male,United States,,Mindful walking,1.85
309,734,1367,lime,19,Female,ireland,,Control (book chapter),2.2
1619,4569,1329,jose,18,Female,Vietnam,,Loving kindness,1.9
1301,3581,1385,jose,19,Male,United States,,Mindful walking,1.5
1718,4868,1438,canb,18,Female,Australia,,Mindful walking,2.1
1394,3877,1413,illi,21,Male,United States,,Mindful breathing,1.85
1739,4936,1578,utah,19,Male,USA,,Loving kindness,1.55
611,1555,3244,glen,21,Male,United States of America,,Body scan,1.75
387,920,1198,macq,18,Female,Australia,,Mindful walking,1.05
908,2424,1928,macq,19,Female,India,,Mindful walking,1.45
753,1944,1109,radb,19,Female,Netherlands,,Mindful breathing,1.75
1529,4279,1568,iowa,19,Female,United States,,Control (book chapter),1.55
720,1863,1402,gold,31,Male,England,,Mindful breathing,1.55
1417,3941,1292,jose,19,Male,USA,,Mindful walking,1.2
2226,6658,298330,fras,20,Male,Canada,,Mindful breathing,1.05
2153,6396,1269,aust,19,Male,Australia,,Mindful walking,2.0
295,705,1282,quee,19,Male,Australia,,Body scan,1.2
1845,5214,1114,hous,28,Male,united states,,Body scan,1.4
321,761,1207,idah,42,Male,US,,Mindful breathing,2.3
1507,4206,1121,utah,21,Female,USA,,Mindful walking,1.4
468,1180,1326,quee,26,Female,singapore,,Mindful walking,1.3
412,965,1396,gold,19,Female,England,,Mindful walking,1.35
118,297,1625,radb,21,Female,Germany,,Control (book chapter),2.0
526,1342,1124,macq,18,Female,Australia,,Mindful walking,1.2
1576,4441,1493,illi,19,Male,I.S.,,Mindful walking,1.6
1983,5832,1391,ryer,1985,Female,nigeria,,Loving kindness,1.05
802,2126,2477,cali,18,Female,United States,,Mindful walking,1.9
85,220,8233,idah,18,Female,America,,Loving kindness,1.75
1510,4217,1637,aust,33,Female,Australia,,Loving kindness,1.65
1702,4808,1337,utah,21,Female,United States,,Mindful walking,3.25
1953,5697,2337,witt,20,Female,US,,Control (book chapter),1.85
542,1381,1217,quee,18 years old,Female,Australia,,Control (book chapter),1.8
1900,5480,1221,suny,19,Female,United States,,Control (book chapter),2.1
1684,4758,1175,flor,20,Female,United States,,Loving kindness,1.55
936,2502,1118,gold,20,Female,England,,Body scan,1.75
1746,4960,1189,glen,43,Male,USA,Physician,Loving kindness,1.4
847,2248,1318,idah,18,Female,United States,,Mindful walking,2.25
1749,4973,1530,utah,27,Male,USA,,Loving kindness,1.05
636,1626,1509,macq,32,Male,Australia,,Body scan,1.5
2218,6638,1251,newf,19,Female,India,,Mindful breathing,2.65
883,2333,1293,cali,20,Female,United States,,Loving kindness,1.45
390,924,1467,quee,18,Female,Australia,,Body scan,1.3
71,189,1089,spri,19,Male,United States,,Mindful breathing,1.5
23,68,1129,macq,18,Female,Australia,,Control (book chapter),1.4
1369,3788,1031,canb,18,Male,Australia,,Mindful walking,2.7
22,65,1273,macq,43,Male,Australia,,Body scan,1.6
2224,6651,1217,wurz,23,Female,Germany,,Control (book chapter),1.6
1009,2743,1376,utah,21,Male,United States,,Control (book chapter),2.15
1077,2906,1365,radb,20,Female,Germany,,Body scan,1.4
1349,3722,1211,witt,18,Female,United States,,Control (book chapter),2.45
1005,2726,81837,utah,18,Female,United States,,Control (book chapter),3.25
1459,4049,1201,jose,18,Female,United States,,Mindful walking,1.6
1002,2721,1348,conn,21,Male,United States,,Body scan,1.8
1591,4505,1372,flor,20,Female,United States,,Loving kindness,1.5
597,1516,1231,wurz,26,Female,Germany,,Body scan,2.05
470,1186,1343,radb,19,Female,The Netherlands,,Body scan,1.55
349,831,1262,radb,18,Female,Netherlands,,Mindful breathing,1.65
148,369,98901,spri,18,Female,united states,,Mindful walking,2.05
1922,5573,1227,aust,18,Male,Australia,,Body scan,1.8
1341,3691,1039,illi,21,Male,United States,,Loving kindness,2.1
161,400,1204,idah,20,Female,Usa,,Mindful breathing,2.1
1362,3769,1114,flor,19,Female,united states,,Mindful breathing,1.75
311,736,1478,illi,19,Male,America,,Mindful breathing,2.15
932,2495,1309,nort2,83,Female,England,Retired medical secretary,Mindful breathing,1.15
1647,4650,1113,glen,29,Male,United States,,Body scan,1.25
378,894,1070,gold,21,Male,England,,Loving kindness,1.35
1999,5903,33014,ryer,21,Female,Canada,,Mindful breathing,2.2
1222,3351,1244,illi,19,Female,United States,,Mindful walking,1.95
1940,5644,1113,jose,18,Female,USA,,Mindful walking,1.6
473,1194,1263,radb,25,Female,Poland,,Loving kindness,2.3
644,1638,2271,macq,18,Female,Australia,,Body scan,1.3
1403,3902,1071,hous,20,Male,england,,Control (book chapter),2.0
819,2179,1195,macq,18,Female,australia,,Mindful walking,1.6
2073,6184,1222,seeb,18,Female,Belgium,,Body scan,1.7
1752,4981,1513,hous,27,Male,Vietnam,Engineer,Mindful breathing,2.05
2107,6268,1346,wurz,19,Female,Germany,,Mindful breathing,2.9
967,2580,2398,witt,20,Female,United State,,Body scan,1.7
1677,4732,1185,illi,19,Female,United States,,Mindful walking,1.7
829,2199,1095,radb,18,Female,The Netherlands,,Loving kindness,1.45
1518,4243,1110,flor,19,Female,US,,Loving kindness,1.3
1001,2713,1046,utah,19,Female,United States,,Mindful breathing,2.5
379,902,1620,witt,19,Female,United States,,Mindful walking,1.4
1661,4686,1332,flor,20,Female,USA,,Mindful walking,2.15
705,1828,1155,newf,22,Female,Canada,,Control (book chapter),2.2
354,839,1617,indi,18,Female,United States of America,,Control (book chapter),2.65
1554,4382,1145,utah,20,Female,united states,,Control (book chapter),1.7
409,959,1114,gold,20,Female,England,,Loving kindness,2.3
590,1499,1107,macq,18,Female,Australia,,Control (book chapter),1.75
1952,5696,1434,witt,19,Female,USA,,Loving kindness,3.35
1914,5534,1488,suny,19,Female,United States,,Control (book chapter),3.05
1177,3247,1225,canb,20,Male,Australia,,Mindful breathing,1.45
1775,5046,1221,canb,19 years old,Male,Korea,,Control (book chapter),1.4
2052,6078,1228,kons,19,Female,Germany,,Mindful breathing,2.4
213,505,1165,witt,18,Female,United States,,Loving kindness,2.35
707,1835,1541,macq,21,Female,Australia,,Mindful breathing,1.15
759,1965,1174,radb,20,Female,Germany,,Mindful walking,1.4
1734,4912,1499,hous,23,Female,U.S,,Control (book chapter),1.65
2124,6335,1232,wurz,23,Male,Germany,,Mindful walking,1.6
1471,4080,1482,utah,22,Male,United States,,Control (book chapter),1.4
2060,6127,1181,aust,18,Male,Australia,,Mindful breathing,1.3
1703,4809,1442,suny,18,Male,United States,,Body scan,1.1
2089,6231,1144,seeb,20,Female,Austria,,Body scan,1.4
1038,2812,1234,spri,18,Female,United States,,Loving kindness,1.4
2225,6656,1231,fras,24,Female,Canada,,Mindful breathing,1.75
1526,4274,1276,suny,19,Female,United States,,Mindful walking,2.0
272,647,1629,idah,25,Male,United States,,Loving kindness,1.45
1933,5620,1567,aust,18,Female,South Korea,,Control (book chapter),1.65
59,159,1667,cali,68,Female,USA,Communications expert for a university,Loving kindness,1.15
694,1780,1568,witt,20,Male,United States,,Mindful breathing,2.0
1571,4429,1445,pace,27,Female,USA,Publicist,Loving kindness,1.45
2114,6288,1189,aust,18,Male,Australia,,Loving kindness,1.7
172,415,1469,radb,28,Female,Germany,,Loving kindness,1.6
1045,2830,1059,utah,20,Female,,,Loving kindness,1.9
797,2108,1354,ryer,18,Male,Canada,,Mindful walking,1.5
88,225,1804,idah,24,Male,USA,,Body scan,1.75
2094,6239,1496,seeb,47,Female,Netherlands,Language teacher,Mindful breathing,1.15
2105,6255,1610,seeb,19,Female,Belgium,,Control (book chapter),1.6
1710,4834,1271,indi,19,Female,america,,Loving kindness,1.65
258,621,1268,radb,18,Female,Nederland,,Body scan,1.3
766,1994,1382,witt,18,Male,The Gambia,,Body scan,3.6
1823,5162,1493,hous,21,Female,United States,,Body scan,1.55
799,2118,1580,suny,18,Female,NY,,Body scan,1.75
1792,5078,999,hous,20,Male,Vietnam,,Loving kindness,2.35
1252,3422,1259,glen,28,Male,United states,,Mindful breathing,1.7
64,170,1331,jose,19,Female,China,,Mindful walking,1.65
527,1346,1523,macq,20,Female,India,,Mindful breathing,3.4
147,368,52572,digi,21,Male,United States,,Body scan,1.95
1912,5528,1408,oreg,41,Female,United States,,Loving kindness,1.3
833,2210,1382,idah,18,Female,United States of America,,Body scan,1.75
1292,3565,1491,utah,45,Female,united states,,Loving kindness,1.45
61,166,1416,radb,19,Female,Germany,,Mindful walking,1.2
417,979,9785,gold,18,Female,England,,Mindful walking,2.2
2166,6463,1511,fras,18,Male,Canada,,Body scan,2.05
1553,4378,1239,wurz,19,Male,Germany,,Loving kindness,1.25
2017,5956,1172,seeb,22,Female,Austria,,Control (book chapter),2.0
1843,5211,1481,aust,18,Male,Australia,,Loving kindness,1.1
739,1908,1568,cali,20,Male,United States of America,,Control (book chapter),2.35
1354,3741,1189,jose,19,Female,United States,,Loving kindness,1.9
1120,3024,3893,wurz,19,Female,Germany,,Control (book chapter),1.95
1151,3134,1691,seeb,20,Female,Österreich,Kfz-techniker,Loving kindness,1.4
1972,5799,2362,aust,18,Female,Australia,,Control (book chapter),2.85
1253,3423,363585,glen,23,Female,United States,,Body scan,1.25
1564,4408,1480,niow,20,Female,usa,,Body scan,2.0
824,2189,1250,macq,36,Female,Sri Lanka,,Body scan,1.15
2077,6198,1889,seeb,25,Female,Vienna,Mother,Loving kindness,2.05
1811,5131,1300,hous,20,Male,Philippines,,Body scan,2.0
2117,6300,1098,seeb,36,Female,Austria,Chef,Control (book chapter),1.95
2034,6011,1533,oreg,42,Male,United States of America,,Loving kindness,1.65
2123,6325,2817,seeb,49,Female,Austria,teacher for physically and mentally handicapped,Mindful breathing,1.25
950,2546,3386,radb,18,Female,Hungary,,Control (book chapter),2.6
2191,6531,1329,fras,21,Male,India,,Mindful breathing,1.05
551,1401,1137,macq,20,Female,Australia,,Loving kindness,1.7
1582,4463,1119,kons,20,Female,Germany,,Control (book chapter),2.0
1817,5142,1297,aust,18,Female,Australia,,Body scan,1.5
438,1074,1521,newf,21,Female,Canada,,Control (book chapter),2.25
338,799,1345,iowa,19,Female,USA,,Mindful breathing,2.2
1439,4004,1181,hous,22,Female,United States,,Mindful breathing,1.25
1562,4405,1338,niow,21,Female,United States,,Loving kindness,1.75
684,1754,1293,macq,42,Female,Uk,,Control (book chapter),1.45
198,475,2404,idah,28,Female,United States,,Body scan,1.6
154,388,1207,idah,18,Female,United States,,Loving kindness,1.75
2001,5915,1231,fras,41,Female,Canada,,Mindful walking,1.15
2148,6388,1190,canb,19,Female,Australia,,Mindful breathing,1.3
1226,3356,2074,illi,19,Female,United States,,Control (book chapter),1.7
2232,6673,2183,wurz,20,Female,Germany,,Mindful breathing,1.7
666,1698,1087,ryer,22,Male,Canada,,Control (book chapter),2.0
1209,3316,6768,hous,18,Female,united states,,Mindful walking,2.15
1597,4527,1093,utah,24,Female,United States,,Control (book chapter),1.6
832,2208,1132,nort1,26,Female,England,,Loving kindness,2.15
2072,6181,1501,seeb,28,Male,Austria,Engineer,Control (book chapter),1.9
1634,4616,1709,glen,44,Female,USA,Remodeling project manager,Control (book chapter),1.6
869,2303,1334,macq,18,Female,Australia,,Loving kindness,1.2
2237,6686,1189,niow,28,Female,US,Tutor,Loving kindness,2.0
828,2197,1234,kons,20,Male,Germany,,Mindful walking,1.65
1758,4991,1332,hous,19,Male,United States,,Mindful walking,1.6
1686,4765,2190,wurz,23,Female,Germany,,Control (book chapter),1.2
812,2163,1237,idah,21,Male,USA,,Mindful walking,1.45
843,2238,1406,macq,18,Female,Australia,,Loving kindness,1.5
1787,5072,1408,lime,52,Male,ireland,,Mindful walking,1.5
1896,5465,1202,suny,18,Female,united states,,Body scan,1.95
1806,5118,1684,glen,28,Female,Canada,Transfusion scientist,Loving kindness,1.4
134,336,2306,quee,19,Female,Hong Kong,,Loving kindness,1.95
1521,4254,1107,utah,19,Female,United States,,Loving kindness,1.3
586,1492,1276,macq,20,Female,Australia,,Control (book chapter),3.25
1704,4810,1600,kons,20,Female,Germany,,Control (book chapter),1.75
70,188,2395,iowa,19,Female,US,,Control (book chapter),1.75
1281,3535,3407,glen,20,Female,United States,,Mindful walking,1.8
562,1435,1645,macq,18,Male,Australia,,Body scan,1.75
1303,3589,1379,glen,37,Female,United States,,Control (book chapter),1.2
1104,2985,1282,utah,19,Female,United States,,Loving kindness,2.6
2093,6236,1745,seeb,18,Female,Germany,,Mindful walking,1.55
179,435,1155,indi,19,Female,usa,,Body scan,1.65
1482,4122,1103,utah,19,Female,United States,,Body scan,2.0
1584,4479,1164,illi,21,Male,USA,,Body scan,1.05
1903,5495,1484,suny,22,Male,United States,,Loving kindness,1.5
1810,5126,1121,hous,26,Male,usa,,Loving kindness,1.0
1389,3865,1218,illi,19,Female,US,,Mindful breathing,2.1
274,653,1667,idah,19,Female,United States of America,,Control (book chapter),1.85
1355,3742,1430,iowa,20,Male,United States,,Body scan,1.6
588,1496,1424,wurz,23,Female,Germany,,Body scan,1.0
2129,6349,1257,oreg,21,Female,USA,,Body scan,1.35
1632,4612,1787,nort2,68,Female,England,Retired teacher,Control (book chapter),1.3
1377,3818,4216,illi,19,Male,United States,,Control (book chapter),1.55
350,832,1278,radb,18,Female,netherlands,,Mindful walking,1.95
1015,2753,1143,radb,18,Female,Netherlands,,Control (book chapter),2.4
1261,3449,1994,seeb,21,Female,Austria,,Loving kindness,1.05
414,971,1215,lime,18,Female,Ireland,,Loving kindness,1.7
485,1221,1201,iowa,19,Female,United States,,Body scan,1.45
1234,3370,1217,iowa,18,Female,USA,,Control (book chapter),1.0
2054,6093,2035,seeb,44,Male,US,Accountant,Mindful breathing,1.45
970,2586,1266,loyo,20,Female,United State,,Mindful breathing,1.2
2185,6516,1261,ryer,20,Female,Nepal,,Mindful walking,1.7
1043,2825,100250,utah,19,Female,United States,,Control (book chapter),2.0
275,655,1438,idah,20,Female,USA,,Body scan,2.45
1130,3061,1498,kons,20,Female,Germany,,Loving kindness,2.0
1882,5395,1906,spri,20,Female,United States,,Loving kindness,1.25
1636,4618,1367,flor,20,Male,America,,Body scan,1.55
957,2562,1278,radb,19,Female,Germany,,Control (book chapter),2.9
1125,3048,1743,utah,22,Male,United States,,Mindful breathing,1.3
202,480,1306,idah,19,Female,United State,,Mindful breathing,1.6
131,328,1448,cali,19,Female,United States of America,,Control (book chapter),1.4
464,1168,1439,idah,19,Female,United States,,Control (book chapter),1.8
330,781,1289,quee,18,Female,Australia,,Mindful walking,2.1
335,794,1930,idah,19,Female,United States,,Mindful breathing,1.2
681,1749,1442,cali,18,Female,United States,,Control (book chapter),1.7
1036,2807,1246,utah,48,Male,United States,,Control (book chapter),1.8
1791,5077,1927,glen,61,Female,USA,Human Resources,Body scan,1.0
1618,4567,1383,illi,19,Female,United states,,Body scan,1.7
1615,4564,1472,hous,19,Female,United States,,Mindful walking,2.05
1299,3578,1228,cali,18,Female,Romania,,Mindful walking,1.35
276,656,1514,suny,20,Male,America,,Control (book chapter),1.7
669,1703,1662,radb,19,Female,Netherlands,,Body scan,1.7
352,836,1457,radb,21,Male,denmark,,Mindful breathing,2.15
1466,4070,1059,flor,19,Female,US,,Loving kindness,1.5
395,932,1628,quee,24,Female,Australia,,Control (book chapter),2.25
421,1004,1813,seeb,22,Female,Germany,,Body scan,1.9
1078,2908,1387,seeb,22,Male,Austria,,Mindful walking,1.95
519,1309,1517,loyo,18,Male,United States,,Mindful breathing,2.7
2181,6501,1293,aust,18,Female,Australia,,Body scan,1.05
709,1839,1101,newf,20,Male,Canada,,Mindful breathing,2.6
122,307,1352,illi,19,Male,United States,,Body scan,1.0
1420,3953,1233,loyo,22,Male,United States of America,,Control (book chapter),1.5
84,216,1480,cali,18 years,Male,United States of America,,Loving kindness,1.65
487,1224,1247,iowa,21,Female,America,,Mindful breathing,1.5
371,875,1258,idah,18,Female,america,,Mindful walking,2.2
1469,4077,1320,gold,42,Male,UK,University teaching fellow,Mindful walking,1.25
1813,5136,1070,hous,20,Female,united states,,Loving kindness,1.0
1338,3683,3288,illi,19,Female,United States,,Loving kindness,1.25
1644,4639,1397,olaf,19,Female,United States,,Loving kindness,1.7
964,2575,1404,iowa,19,Male,The United States of America,,Control (book chapter),2.0
1950,5690,1248,canb,18,Male,Australia,,Body scan,1.85
560,1433,1270,macq,18,Male,Australia,,Body scan,1.4
1048,2836,1487,seeb,22,Female,Austria,,Loving kindness,1.75
1815,5138,1145,hous,19,Female,United States,,Mindful breathing,2.3
1809,5124,1078,olaf,21,Female,United States,,Body scan,1.3
628,1602,1222,quee,19,Female,Australia,,Loving kindness,1.85
2078,6201,1389,wurz,19,Female,Germany,,Mindful breathing,1.95
1613,4558,1253,hous,21,Female,mexico,,Body scan,1.6
167,408,1706,quee,21,Female,Singapore,,Control (book chapter),1.65
1951,5693,1134,fras,21,Male,India,,Mindful breathing,1.85
606,1540,1222,lime,18,Male,Ireland,,Body scan,1.4
304,725,2924,radb,18,Male,Germany,,Body scan,1.85
1957,5705,1302,wurz,20,Female,Germany,,Mindful walking,1.4
623,1591,1197,quee,18,Female,Australia,,Loving kindness,1.7
221,526,1155,illi,18,Female,USA,,Control (book chapter),2.15
1776,5049,1175,hous,19,Female,United States,,Control (book chapter),1.65
346,814,2734,radb,24,Female,Italy,,Control (book chapter),1.6
2235,6678,1332,niow,33,Male,India,,Control (book chapter),1.95
140,351,1474,radb,19,Female,The Netherlands,,Body scan,2.1
2021,5969,33173,oreg,26,Female,United States of America,,Mindful walking,1.0
872,2307,1281,macq,40,Female,Australia,,Mindful walking,1.55
69,187,1412,radb,20,Female,Germany,,Mindful breathing,2.05
1110,2998,1170,indi,18,Male,United States,,Loving kindness,1.3
834,2211,1242,hous,19,Female,United States,,Mindful breathing,1.0
1270,3496,1052,merc,20,Male,United States,,Control (book chapter),2.55
1302,3582,2518,glen,18,Female,United States,,Body scan,2.2
97,235,1888,quee,19,Female,Hong Kong SAR,,Mindful breathing,1.2
844,2242,1190,iowa,21,Male,United States,,Mindful breathing,1.35
1858,5278,1280,hous,34,Female,Pakistan,,Mindful breathing,2.05
503,1272,1489,quee,19,Female,United Arab Emirates,,Mindful breathing,2.45
1963,5742,1540,olaf,19,Male,United States of America,,Mindful breathing,1.75
1724,4889,1106,hous,20,Female,USA,,Loving kindness,1.45
2075,6190,1328,seeb,28,Male,Germany,Teacher,Mindful breathing,2.25
706,1829,1222,kons,20,Female,Germany,,Control (book chapter),2.4
1599,4531,1433,illi,18,Male,U.S.,,Mindful walking,1.2
778,2046,1200,suny,18,Female,USA,,Control (book chapter),2.0
896,2383,3030,cali,19,Female,USA,,Body scan,1.75
862,2294,1185,canb,18,Male,Australia,,Body scan,1.85
765,1991,1221,illi,19,Male,United States,,Mindful breathing,1.95
1365,3774,1408,loyo,20,Male,Usa,,Mindful breathing,1.2
885,2336,1255,cali,18,Male,United States,,Body scan,1.6
639,1631,983,macq,18,Female,australia,hairdresser,Body scan,2.0
102,245,1626,quee,18,Female,Australia,,Body scan,1.9
2128,6344,1178,oreg,19,Female,United States,,Control (book chapter),2.55
162,401,1533,quee,19,Female,Australia,,Mindful walking,1.15
2026,5980,9196,canb,18,Female,Australia,,Body scan,1.4
1037,2808,1354,oreg,21 years,Male,USA,,Mindful walking,1.5
651,1660,1348,macq,44,Female,Australia,,Body scan,1.4
1287,3549,1209,merc,21,Female,United States,,Body scan,1.95
1708,4824,1192,olaf,19,Male,United States,,Mindful breathing,1.7
2051,6075,2078,olaf,19,Male,USA,,Mindful walking,2.05
866,2299,1206,macq,18,Female,Australia,,Loving kindness,2.0
123,308,2393,illi,18,Male,United States,,Mindful walking,1.95
284,668,2173,idah,21,Female,Philippines,,Body scan,1.6
380,903,1262,suny,19,Male,USA,,Mindful walking,1.5
1729,4905,88024,kons,20,Female,Germany,,Mindful breathing,1.2
2027,5981,1846,canb,18,Male,Australia,,Control (book chapter),1.65
1214,3323,1164,spri,19 y are,Female,Colombia,,Loving kindness,1.85
1035,2806,1497,iowa,18,Male,United States of America,,Mindful walking,1.45
1152,3143,1596,spri,18,Male,United States of America,,Mindful walking,1.7
2090,6232,2550,seeb,54,Male,Vienna,Professor,Control (book chapter),2.0
1171,3227,1707,loyo,18,Female,US,,Body scan,2.2
197,474,1344,gold,24,Male,Lithunia,,Mindful breathing,1.5
1893,5453,1299,olaf,19,Male,US,,Body scan,2.05
1790,5076,1403,hous,19,Female,United States,,Mindful breathing,1.0
1187,3270,1256,jose,18,Female,United States,,Body scan,2.05
89,226,1181,cali,26,Male,United States,,Control (book chapter),2.15
1311,3609,1190,suny,18,Female,United States,,Mindful breathing,1.35
1316,3626,2479,illi,19,Female,United States,,Body scan,1.1
2028,5983,1138,fras,32,Female,India,,Mindful breathing,1.95
638,1630,1472,macq,22,Male,Australia,,Control (book chapter),1.75
462,1164,1297,illi,19,Male,United States,,Mindful breathing,1.45
619,1579,1183,fras,20,Male,Vietnam,,Body scan,2.25
17,47,1201,digi,19,Male,United States of America,,Body scan,1.35
1909,5514,50612,suny,18,Female,United States,,Loving kindness,1.85
1495,4157,1241,suny,18,Male,USA,,Mindful walking,1.85
128,324,1230,iowa,18,Female,United States,,Mindful breathing,1.75
572,1455,1383,macq,18,Female,Australia,,Body scan,1.6
2041,6035,1519,seeb,21,Male,Austria,,Mindful walking,1.5
1587,4484,1210,glen,41,Female,United States,Photographer,Loving kindness,1.0
1981,5819,1049,seeb,24,Male,USA,IT,Mindful breathing,2.5
1052,2845,4303,jose,21 years,Female,United States,,Mindful breathing,3.2
111,269,1572,lime,18,Female,ireland,,Mindful walking,2.25
1936,5628,1194,jose,19,Female,United States of America,,Loving kindness,1.25
640,1633,1152,macq,21,Female,Australia,,Mindful breathing,1.4
345,811,1315,gold,21,Male,United Kingdom,,Mindful walking,2.6
1658,4679,2590,jose,18,Female,United States,,Mindful walking,2.1
1916,5557,1282,olaf,18,Female,USA,,Control (book chapter),1.15
58,158,1109,suny,18,Female,United States,,Control (book chapter),2.1
1438,4000,1212,hous,22,Female,United States,,Body scan,1.6
1856,5267,1041,hous,23,Female,United States,,Loving kindness,1.05
616,1572,1529,spri,20,Male,United States,,Body scan,1.8
1669,4718,1023,illi,19,Female,United States,,Body scan,2.45
293,699,1175,idah,21,Male,US,,Loving kindness,1.5
2100,6248,1312,seeb,24,Female,Austria,Nurse,Control (book chapter),1.75
1978,5808,1170,ryer,24,Female,Republic of South Korea,,Loving kindness,1.55
255,605,1610,suny,19,Male,United States,,Mindful walking,1.2
1974,5801,1220,canb,19 years old,Female,Australia,,Body scan,1.95
364,859,1506,spri,18,Female,USA,,Mindful breathing,2.05
1300,3580,1319,glen,38,Female,USA,,Mindful breathing,2.2
1333,3668,1431,utah,18,Female,United States,,Control (book chapter),2.35
1256,3432,1678,glen,18,Male,United States,,Loving kindness,2.35
762,1985,1488,suny,18,Female,United States,,Loving kindness,1.65
1294,3571,9334,jose,18,Female,United States,,Control (book chapter),2.4
2085,6219,1465,seeb,51,Female,Vienna,Marketing,Body scan,1.6
1638,4624,1050,indi,19,Female,United States,,Mindful walking,1.4
439,1075,1360,loyo,19,Female,United States,,Mindful breathing,2.2
430,1035,1218,indi,19,Female,America,,Loving kindness,1.6
1157,3164,1198,ryer,19,Female,USA,,Control (book chapter),2.4
454,1131,7123,spri,20,Female,United States,,Control (book chapter),1.75
1717,4866,2707,hous,21,Female,United states,,Mindful breathing,1.55
1525,4270,1428,suny,19,Female,United States,,Control (book chapter),1.0
231,540,268691,suny,19,Female,United States,,Body scan,1.6
2057,6114,204779,kons,18,Female,Germany,,Control (book chapter),1.75
701,1801,1235,macq,18,Female,Philippines,,Mindful breathing,2.0
1132,3068,1682,wurz,22,Female,Germany,,Body scan,1.7
1939,5643,1491,kons,20,Female,Germany,,Mindful breathing,1.5
1519,4246,1046,iowa,19,Female,United States,,Body scan,1.25
1598,4529,1330,glen,40,Female,United States,,Body scan,1.85
1168,3218,1117,hous,21,Female,United States,,Loving kindness,1.55
719,1858,1256,suny,19,Female,United States,,Control (book chapter),1.15
341,804,1300,idah,20,Female,United States of America,,Mindful walking,1.5
16,43,2272,loyo,19,Male,United States,,Control (book chapter),1.6
1833,5192,1177,hous,23,Female,usa,,Loving kindness,2.0
1319,3629,4239,iowa,19,Female,United States,,Loving kindness,2.35
1241,3390,1238,spri,18,Male,United States,,Control (book chapter),1.45
2043,6043,1624,seeb,20,Female,Austria,Chef,Loving kindness,2.4
919,2459,1719,nort2,76,Female,England,Retired,Mindful walking,1.1
1581,4459,1445,aust,19,Male,south africa,,Body scan,2.0
564,1438,1146,macq,18,Female,Australia,,Control (book chapter),1.6
2053,6088,1018,seeb,27,Female,Germany,,Loving kindness,1.45
2127,6340,1434,flor,27,Female,United States,,Control (book chapter),1.4
692,1773,1218,macq,19,Female,Australia,,Mindful breathing,1.8
1539,4309,1418,utah,18,Female,United States,,Body scan,3.7
745,1922,1052,jose,20,Male,United States of America,,Control (book chapter),1.7
760,1973,1480,wurz,20,Female,Germany,,Control (book chapter),2.95
2024,5977,1370,flor,22,Male,U.S.,,Mindful breathing,1.25
1662,4691,1247,flor,23,Male,United States,,Control (book chapter),2.55
1405,3904,1296,merc,18,Female,United States of America,,Control (book chapter),2.4
1668,4716,1220,flor,21,Female,United states,,Mindful walking,3.25
2164,6449,1462,kons,25,Female,Deutschland,,Control (book chapter),1.75
517,1304,1410,radb,20,Female,Latvia,,Mindful walking,1.15
2175,6484,1219,fras,20,Female,Canada,,Control (book chapter),1.45
323,767,1489,jose,19,Male,USA,,Mindful walking,1.85
529,1350,1178,macq,25,Male,Australia,,Body scan,1.3
1158,3167,1399,ryer,33,Male,Nigeria,,Mindful breathing,1.35
2203,6570,2142,fras,18,Female,Canada,,Control (book chapter),1.75
697,1788,1594,macq,18,Female,Australia,,Mindful breathing,1.35
1650,4664,1277,hous,28,Male,United States,,Mindful breathing,1.7
1271,3497,1446,lime,20,Female,Ireland,,Loving kindness,1.45
1191,3285,2279,glen,27,Male,Usa,,Control (book chapter),1.2
